[
  {
    "postId": 1,
    I am a mistake: 25,
    "id": 1,
    "name": "id labore ex et quam laborum",
    "email": "Eliseo@gardner.biz",
    "body": "laudantium enim quasi est quidem magnam voluptate ipsam eos\ntempora quo necessitatibus\ndolor quam autem quasi\nreiciendis et nam sapiente accusantium",
    "purpose": "Promotion"
  },
  {
    "postId": 1,
    "id": 2,
    "name": "quo vero reiciendis velit similique earum",
    "email": "Jayne_Kuhic@sydney.com",
    "body": "est natus enim nihil est dolore omnis voluptatem numquam\net omnis occaecati quod ullam at\nvoluptatem error expedita pariatur\nnihil sint nostrum voluptatem reiciendis et"
  }
]