{
  "database": "zoo",
  "table": "animals",
  "news": [
  {
    "species": "Bear",
    "name": "Angela",
    "event": "born"
  },
  {
    "species": "Bear",
    "name": "Walter",
    "event": "born",
    "weight": 15,
    "area": "A2"
  },
  {
    "species": "Penguin",
    "name": "Daisy",
    "event": "birthday",
    "area": "A2"
  },
  {
    "species": "Hyena",
    "name": "Jay",
    "event": "moved in",
    "age": 10,
    "area": "A2"
  },
  {
    "species": "Horse",
    "name": "Jack",
    "event": "moved in",
    "age": 6
  },
  {
    "species": "Bat",
    "name": "Alex",
    "event": "birthday",
    "endangered": false
  },
  {
    "species": "Giraffe",
    "name": "Lisa",
    "event": "moved in",
    "age": 5
  },
  {
    "species": "Koala",
    "name": "Max",
    "event": "moved in",
    "age": 4,
    "area": "A1"
  },
  {
    "species": "Panda",
    "name": "Rocky",
    "event": "moved in",
    "age": 10,
    "endangered": true
  },
  {
    "species": "Penguin",
    "name": "Ollie",
    "event": "born",
    "area": "A2",
    "endangered": false
  },
  {
    "species": "Panda",
    "name": "Micky",
    "event": "birthday",
    "area": "A2"
  },
  {
    "species": "Bat",
    "name": "Red",
    "event": "born",
    "area": "A1"
  },
  {
    "species": "Wolf",
    "name": "Max",
    "event": "moved in",
    "age": 10
  },
  {
    "species": "Bear",
    "name": "Luke",
    "event": "born",
    "endangered": false
  },
  {
    "species": "Bear",
    "name": "Rocky",
    "event": "born",
    "weight": 20
  },
  {
    "species": "Wolf",
    "name": "Walter",
    "event": "birthday",
    "endangered": true
  },
  {
    "species": "Puma",
    "name": "Micky",
    "event": "birthday",
    "area": "A1",
    "weight": 90
  },
  {
    "species": "Gorilla",
    "name": "Oscar",
    "event": "born",
    "area": "A1"
  },
  {
    "species": "Lion",
    "name": "Ollie",
    "event": "moved in",
    "age": 10,
    "weight": 105,
    "endangered": false
  },
  {
    "species": "Giraffe",
    "name": "Jay",
    "event": "moved in",
    "age": 2,
    "endangered": false,
    "weight": 90
  },
  {
    "species": "Hyena",
    "name": "Oscar",
    "event": "born"
  },
  {
    "species": "Penguin",
    "name": "Ollie",
    "event": "born"
  },
  {
    "species": "Tortoise",
    "name": "Walter",
    "event": "birthday"
  },
  {
    "species": "Bear",
    "name": "Tina",
    "event": "birthday",
    "weight": 23
  },
  {
    "species": "Giraffe",
    "name": "Jay",
    "event": "moved in",
    "age": 25,
    "area": "A2"
  },
  {
    "species": "Tortoise",
    "name": "Ozzy",
    "event": "moved in",
    "age": 80
  },
  {
    "species": "Horse",
    "name": "Lisa",
    "event": "moved in",
    "age": 8
  },
  {
    "species": "Lion",
    "name": "Ruby",
    "event": "birthday",
    "weight": 81
  },
  {
    "species": "Bear",
    "name": "Max",
    "event": "born"
  },
  {
    "species": "Giraffe",
    "name": "Luke",
    "event": "moved in",
    "age": 12
  }
]
}
